correlation_mean_random,correlation_stdv_random,prediction_mean_random,prediction_stdv_random,correlation_mean_blck,correlation_stdv_blck,prediction_mean_blck,prediction_stdv_blck
0.9992273286004677,5.4137068120417105e-06,0.9924875551105089,0.00015627171484265836,0.991470503376893,0.0035536053610936954,0.8905719289081349,0.08738587238035096
0.999225756605885,7.642997876603868e-06,0.9925171313974243,0.00013528311049789015,0.9695334356704224,0.022675798584570177,0.882708424235145,0.09346563860984214
0.9992162162801915,1.5460359788012667e-05,0.9924154935362038,9.038300782468973e-05,0.8518012159348451,0.16598893670384507,0.7571205706969384,0.2168013170080154
