correlation_mean_random,correlation_stdv_random,prediction_mean_random,prediction_stdv_random,correlation_mean_blck,correlation_stdv_blck,prediction_mean_blck,prediction_stdv_blck,correlation_mean_random_approx,correlation_stdv_random_approx,prediction_mean_random_approx,prediction_stdv_random_approx,correlation_mean_blck_approx,correlation_stdv_blck_approx,prediction_mean_blck_approx,prediction_stdv_blck_approx
0.999997345808819,3.458371787436619e-07,0.9864981452923407,0.0002979372755687063,0.9909738622505566,0.0059957532954662395,0.9527620535658556,0.034152563735755835,0.9991652088193461,4.493129260692403e-05,0.9864924930479336,0.00025171876234519744,0.9223686869945759,0.04477375673939583,0.9276297168482925,0.049972160476645926
0.999990133240021,8.540354450454518e-07,0.9729763860061695,0.0004917934768924584,0.9605069842784708,0.03299875099171922,0.9113479031837939,0.05266737126848264,0.999136116365779,5.867829607074593e-05,0.972826923244708,0.0006081438600435819,0.8724415309635699,0.04612617859963282,0.866870182068807,0.06967037179211974
0.9999765139522845,1.620660458124946e-06,0.9590828796125154,0.0005925642509709885,0.8825789638324109,0.0691641918107312,0.7790165818586594,0.10871690390062072,0.9990784571551441,8.02854137729289e-05,0.9592128876205948,0.000742076522811048,0.7973284558555627,0.03803057703700071,0.811990942606902,0.04323769426830358
