pvals_corr_rand,pvals_corr_blck,pvals_pred_rand,pvals_pred_blck
9.999000099990002e-05,9.999000099990002e-05,0.47085291470852914,0.0382961703829617
9.999000099990002e-05,9.999000099990002e-05,0.20637936206379362,0.0136986301369863
9.999000099990002e-05,0.00019998000199980003,0.7333266673332667,0.884011598840116
